PC,eigenvalue,pct_variance,cum_pct_variance,eta2_sample,T/NK score,B/plasma score,Myeloid score,genes_detected,pct_mito,Post_vs_Pre,Responder,T_enriched,myeloid_enriched
PC1,105.49869,3.5283,3.528,0.4754,-0.4083,-0.0188,0.8646,0.7892,0.0179,0.1082,-0.2105,-0.0271,-0.002
PC2,50.21353,1.6793,5.208,0.1816,0.6595,-0.3437,-0.3387,0.438,-0.1921,0.0684,-0.2029,0.1337,-0.105
PC3,31.97384,1.0693,6.277,0.2296,-0.35,0.7847,-0.276,0.1456,0.0784,0.0492,0.183,0.0023,0.1071
PC4,14.14399,0.473,6.75,0.1559,0.1219,0.1134,0.056,-0.0152,-0.05,0.0468,-0.214,-0.0027,0.0206
PC5,12.72851,0.4257,7.176,0.5315,-0.0749,-0.0214,-0.0045,0.0117,-0.0214,-0.0612,0.0102,-0.0847,0.0595
PC6,10.88095,0.3639,7.54,0.1619,-0.1967,0.0442,0.0253,-0.1485,0.0373,-0.0414,0.0393,-0.0593,0.0568
PC7,10.7705,0.3602,7.9,0.15,-0.0338,-0.1049,-0.0084,0.0833,-0.2805,-0.0034,-0.0927,-0.0412,0.0303
PC8,10.11846,0.3384,8.238,0.1214,-0.0546,-0.2175,0.0344,-0.0043,0.0548,-0.0135,0.037,0.0626,0.0217
PC9,8.4034,0.281,8.519,0.2292,-0.0246,0.0708,-0.0773,0.0077,0.0059,0.0337,0.092,0.0186,0.0377
PC10,6.40085,0.2141,8.733,0.1621,0.0246,0.0126,0.0048,0.0282,-0.0312,-0.0542,-0.1274,-0.0562,0.0061
PC11,6.18807,0.207,8.94,0.2366,0.0052,0.1168,-0.0423,0.1038,-0.288,-0.0545,-0.1124,0.0854,-0.0181
PC12,5.41369,0.1811,9.121,0.2481,-0.0381,0.0025,0.0279,0.1274,0.144,0.0513,0.0721,0.1222,0.0466
PC13,5.29857,0.1772,9.299,0.3694,-0.0376,-0.0899,0.0282,-0.1263,0.0936,-0.0343,0.0916,0.0092,-0.0577
PC14,4.73351,0.1583,9.457,0.1346,-0.1001,0.043,0.0042,-0.0214,0.1115,-0.0187,-0.0159,-0.0529,0.0378
PC15,4.47798,0.1498,9.607,0.1779,-0.0265,-0.0121,-0.0253,-0.0669,0.1037,-0.0767,0.0301,-0.0111,-0.0093
PC16,4.38233,0.1466,9.753,0.1878,0.012,0.0431,-0.0117,-0.0028,-0.0381,0.0325,-0.0256,-0.0141,-0.0188
PC17,4.27324,0.1429,9.896,0.2261,-0.0605,-0.0076,0.0416,0.0266,-0.0823,-0.1883,-0.029,0.0327,0.0041
PC18,3.88155,0.1298,10.026,0.1467,0.0175,0.0244,0.0163,0.0335,-0.0387,-0.1729,0.0489,0.0375,-0.0377
PC19,3.66534,0.1226,10.148,0.1113,0.0209,0.0253,-0.0115,0.0402,-0.1354,0.0435,-0.0494,-0.0349,-0.01
PC20,3.63254,0.1215,10.27,0.2826,-0.0177,0.0238,0.0141,-0.0739,-0.0397,0.151,0.0013,0.1304,-0.0129
PC21,3.43866,0.115,10.385,0.0513,0.0469,0.0374,0.0132,0.0417,-0.1344,-0.0215,0.0143,-0.0926,-0.0106
PC22,3.39884,0.1137,10.499,0.0747,-0.0189,-0.0317,-0.0087,-0.0333,-0.0155,-0.0829,0.0241,-0.1416,-0.0013
PC23,3.25049,0.1087,10.607,0.0781,0.0137,-0.0105,-0.0002,-0.0032,0.0219,0.0859,-0.0203,0.1574,0.0154
PC24,3.17895,0.1063,10.714,0.0689,-0.018,0.0247,0.018,0.0107,0.1087,0.0161,-0.0458,0.0061,0.0381
PC25,2.98752,0.0999,10.814,0.1257,-0.0542,0.0136,-0.0046,-0.013,0.1454,0.0444,-0.0998,-0.0045,0.0097
PC26,2.84814,0.0953,10.909,0.1154,0.014,-0.0185,-0.014,-0.0093,-0.1354,-0.0685,-0.0497,-0.0956,-0.019
PC27,2.81441,0.0941,11.003,0.1024,0.0184,-0.0063,0.0245,-0.0103,-0.0272,-0.0191,0.0135,-0.1214,-0.0035
PC28,2.71073,0.0907,11.094,0.1021,-0.0022,0.0227,-0.0002,0.0221,0.0114,0.0702,-0.055,-0.1033,-0.0398
PC29,2.68628,0.0898,11.183,0.1055,0.0226,0.025,0.015,0.0182,0.1695,0.0081,-0.0633,-0.0231,-0.036
PC30,2.57695,0.0862,11.27,0.1079,-0.0001,0.0239,0.0104,0.0045,-0.0898,-0.0074,0.0144,0.0908,0.0108
