seq_unit,n_cells,timepoint,response,sort_fraction,median_genes,median_pct_mito_13pc,n_mito_gt10,pct_mito_gt10
Post_P1,291,Post,Responder,unsorted,2427.0,3.57,22,7.56
Post_P10,308,Post,Non-responder,unsorted,2446.5,2.41,14,4.55
Post_P10_T_enriched,88,Post,Non-responder,T_enriched,2145.0,2.18,2,2.27
Post_P11,313,Post,Non-responder,unsorted,1811.0,2.95,5,1.6
Post_P12,323,Post,Non-responder,unsorted,2229.0,2.35,7,2.17
Post_P13,265,Post,Non-responder,unsorted,1859.0,3.35,2,0.75
Post_P13_T_enriched,184,Post,Non-responder,T_enriched,2090.5,2.47,14,7.61
Post_P14,329,Post,Non-responder,unsorted,2006.0,3.27,6,1.82
Post_P15,304,Post,Non-responder,unsorted,1984.5,2.57,4,1.32
Post_P16,369,Post,Non-responder,unsorted,2217.0,2.48,3,0.81
Post_P16_T_enriched,94,Post,Non-responder,T_enriched,2433.0,2.18,1,1.06
Post_P17,238,Post,Responder,unsorted,1472.5,4.72,2,0.84
Post_P17_myeloid_enriched,43,Post,Responder,myeloid_enriched,2045.0,3.2,1,2.33
Post_P18,357,Post,Non-responder,unsorted,1955.0,3.01,1,0.28
Post_P19,328,Post,Responder,unsorted,1724.0,2.92,1,0.3
Post_P19_myeloid_enriched,75,Post,Responder,myeloid_enriched,1959.0,3.33,0,0.0
Post_P1_2,353,Post,Non-responder,unsorted,2600.0,2.96,19,5.38
Post_P2,301,Post,Non-responder,unsorted,2681.0,2.33,4,1.33
Post_P20,358,Post,Non-responder,unsorted,2523.0,1.92,0,0.0
Post_P21,213,Post,Responder,unsorted,1920.0,2.7,1,0.47
Post_P22,260,Post,Non-responder,unsorted,2003.5,1.8,1,0.38
Post_P23,358,Post,Non-responder,unsorted,2561.5,2.89,4,1.12
Post_P23_2,362,Post,Non-responder,unsorted,2409.5,2.33,0,0.0
Post_P28,369,Post,Non-responder,unsorted,5500.0,3.28,0,0.0
Post_P28_2,372,Post,Non-responder,unsorted,2817.0,3.05,0,0.0
Post_P2_T_enriched,79,Post,Non-responder,T_enriched,2516.0,3.02,0,0.0
Post_P3,359,Post,Non-responder,unsorted,2366.0,3.48,4,1.11
Post_P30,369,Post,Non-responder,unsorted,2555.0,3.13,1,0.27
Post_P3_2,358,Post,Non-responder,unsorted,1836.5,3.24,4,1.12
Post_P4,421,Post,Responder,unsorted,2366.0,3.99,2,0.48
Post_P4_T_enriched,254,Post,Responder,T_enriched,2527.5,3.07,1,0.39
Post_P5,292,Post,Non-responder,unsorted,1999.5,2.74,2,0.68
Post_P5_2,336,Post,Responder,unsorted,1683.0,3.77,0,0.0
Post_P6,308,Post,Non-responder,unsorted,3717.5,2.54,3,0.97
Post_P6_T_enriched,92,Post,Non-responder,T_enriched,3851.5,2.75,2,2.17
Post_P7,231,Post,Responder,unsorted,2159.0,2.74,3,1.3
Post_P8,327,Post,Responder,unsorted,1755.0,3.5,2,0.61
Post_P8_T_enriched,82,Post,Responder,T_enriched,2048.0,2.73,4,4.88
Pre_P1,229,Pre,Responder,unsorted,2318.0,3.21,4,1.75
Pre_P12,330,Pre,Non-responder,unsorted,2163.5,2.52,3,0.91
Pre_P15,304,Pre,Non-responder,unsorted,1867.5,2.71,3,0.99
Pre_P2,337,Pre,Non-responder,unsorted,1998.0,2.73,3,0.89
Pre_P20,323,Pre,Non-responder,unsorted,2292.0,2.49,1,0.31
Pre_P24,338,Pre,Responder,unsorted,1787.0,2.84,0,0.0
Pre_P25,371,Pre,Non-responder,unsorted,1986.0,2.88,2,0.54
Pre_P26,333,Pre,Responder,unsorted,1958.0,3.55,0,0.0
Pre_P27,343,Pre,Non-responder,unsorted,2455.0,2.39,1,0.29
Pre_P28,337,Pre,Responder,unsorted,2372.0,2.9,0,0.0
Pre_P29,163,Pre,Responder,unsorted,2270.0,2.82,0,0.0
Pre_P3,245,Pre,Non-responder,unsorted,2153.0,3.9,25,10.2
Pre_P31,351,Pre,Non-responder,unsorted,1901.0,3.0,2,0.57
Pre_P33,452,Pre,Responder,unsorted,1751.0,3.06,2,0.44
Pre_P35,238,Pre,Responder,unsorted,1643.0,3.47,1,0.42
Pre_P4,311,Pre,Non-responder,unsorted,2588.0,2.37,2,0.64
Pre_P6,288,Pre,Non-responder,unsorted,2900.0,2.41,7,2.43
Pre_P7,368,Pre,Responder,unsorted,1934.0,2.54,0,0.0
Pre_P8,267,Pre,Responder,unsorted,1718.0,5.29,45,16.85
