cluster,cell_type,lineage,n_cells,pct_cells,confidence,top_enriched_genes_mean_diff_detection
0,B cell (IGHM+),B/plasma,1441,9.0,high,MS4A1(9.3/92%); IGHM(9.0/83%); CD79A(8.0/92%); HLA-DRA(7.8/100%); IGKC(7.5/70%); BCL11A(7.0/92%); IRF8(6.9/89%); CD19(6.9/77%); CD22(6.8/79%); BANK1(6.7/84%); CD79B(6.6/77%); CD83(5.8/85%)
1,pDC,pDC/myeloid-like,264,1.6,high,IGJ(11.5/99%); SERPINF1(10.3/97%); LILRA4(10.1/97%); NAPSB(9.6/98%); PLD4(9.4/98%); IRF8(9.4/100%); GZMB(9.2/99%); PLAC8(9.0/98%); GPR183(8.8/97%); AC096579.7(8.8/98%); BCL11A(8.7/100%); CYB561A3(8.4/97%)
2,Plasma cell,B/plasma,302,1.9,high,IGKC(12.1/86%); IGHG1(11.5/79%); IGJ(10.7/97%); MZB1(8.8/99%); IGHG3(8.6/76%); IGHG2(8.4/75%); AC096579.7(7.9/85%); DERL3(7.3/98%); IGHG4(7.2/75%); IGLC1(7.1/88%); FKBP11(7.0/99%); IGHA1(6.8/75%)
3,Proliferating T cell,T,812,5.1,high (lineage T by CD3E 87%),STMN1(8.8/99%); RRM2(8.0/89%); TUBB(7.6/100%); TYMS(7.4/89%); TUBA1B(7.3/100%); KIAA0101(7.0/87%); UBE2C(7.0/78%); HMGB2(7.0/99%); NUSAP1(7.0/93%); HIST1H4C(6.9/81%); CDK1(6.9/84%); RP11-386G11.10(6.5/99%)
4,Monocyte / macrophage,Myeloid,640,4.0,high (neutrophil not supported: CXCR2 3%),IFI30(10.8/100%); TYROBP(10.4/100%); FCER1G(10.3/99%); LYZ(10.2/98%); RP11-1143G9.4(9.8/96%); CST3(9.3/97%); PLAUR(8.8/93%); SERPINA1(8.7/94%); TIMP1(8.6/90%); CD68(8.3/95%); CD14(8.3/88%); GRN(8.3/96%)
5,Exhausted CD8 T (cytotoxic),T,2328,14.5,high,NKG7(7.0/98%); CCL5(6.1/99%); PRF1(5.6/93%); CCL4(5.2/84%); CD8A(5.0/80%); GZMA(4.9/85%); KLRK1(4.8/90%); CST7(4.6/92%); GZMB(4.6/68%); HAVCR2(4.3/73%); GZMH(4.1/64%); PDCD1(4.0/71%)
6,Activated CD8 T (GZMK+ TIGIT+),T,750,4.7,"medium (partly cycling, TCF7 43%)",FABP5(3.7/68%); NUCB2(3.5/62%); CD27(3.4/76%); STMN1(3.3/54%); KLRK1(3.3/83%); TIGIT(3.3/77%); MT2A(3.3/74%); MCM5(3.1/58%); ITM2A(3.1/75%); CRTAM(3.0/61%); SH2D1A(3.0/71%); NKG7(3.0/80%)
7,"CD4 T, Treg-like",T,1872,11.7,high for CD4; mixed Treg (FOXP3 46%) and activated CD4,CD4(4.7/76%); TNFRSF18(4.5/61%); SPOCK2(4.0/88%); TNFRSF4(3.9/51%); CTLA4(3.7/71%); TIGIT(3.6/73%); TRAC(3.5/96%); ICOS(3.4/61%); BATF(3.3/62%); IL32(3.2/91%); TMEM173(3.1/61%); ARID5B(3.1/84%)
8,NK / cytotoxic effector,NK/cytotoxic,922,5.7,"medium (CD3E 61%, TRDC 39%: NK plus CD3+ cytotoxic cells)",GNLY(7.7/74%); NKG7(6.3/96%); GZMB(5.1/75%); PRF1(5.0/88%); FGFBP2(4.7/48%); GZMH(4.7/70%); CTSW(4.6/80%); KLRD1(4.5/69%); FCGR3A(3.9/51%); PLAC8(3.8/60%); CST7(3.6/86%); CCL5(3.6/93%)
9,Effector-memory CD8 T (GZMK+),T,2582,16.1,medium-high,CCL5(4.3/93%); NKG7(3.3/77%); GZMA(2.9/68%); GZMK(2.7/57%); CD8A(2.5/65%); KLRK1(2.5/71%); IL32(2.5/89%); CST7(2.2/73%); TRBC2(2.0/97%); CD3G(1.9/87%); ANXA1(1.9/62%); IFITM1(1.9/82%)
10,Activated T (CD8-biased),T,1806,11.3,"medium-low (CD3E 65%, CD4 27%; activation genes; most affected by mito filter)",CCL5(2.9/87%); CD8A(2.1/62%); CCL4(1.9/59%); KLRK1(1.7/61%); RGS1(1.6/85%); CCL4L1(1.5/55%); HAVCR2(1.5/50%); DUSP4(1.5/60%); SLA(1.5/73%); TMEM2(1.4/69%); TNFAIP3(1.3/88%); ZEB2(1.3/50%)
11,Dendritic cell (cDC),Myeloid,296,1.8,high for cDC (some macrophage-like C1Q+ cells),CST3(10.1/96%); LYZ(9.6/94%); RP11-1143G9.4(9.4/92%); IFI30(9.2/97%); HLA-DRA(8.4/100%); FCER1G(8.2/89%); TYROBP(7.9/88%); GRN(7.9/96%); GSN(7.5/94%); AIF1(7.3/91%); HLA-DQA1(7.2/97%); NAPSB(7.2/83%)
12,Naive / central-memory T (TCF7+),T,2033,12.7,high for naive/central-memory; mixed CD4/CD8 (34% each),IL7R(5.1/81%); CCR7(2.9/46%); TCF7(2.8/64%); ANXA1(2.6/66%); S1PR1(2.3/42%); GPR183(2.3/51%); LTB(2.1/50%); TNFRSF25(2.1/40%); CAMK4(2.1/48%); TC2N(1.9/49%); TRBC2(1.8/97%); LEF1(1.8/31%)
