cluster,n,lineage,purity,top_sample,top_sample_share,n_samples,med_genes,pct_P28,pct_Post,pct_resp
0,1441,B/plasma,0.992,Post_P4,0.165,10,1888,0.0,65,69
1,264,Myeloid,0.894,Post_P16,0.178,14,3272,0.0,72,17
2,302,B/plasma,0.997,Pre_P6,0.308,8,2512,0.0,59,36
3,812,T/NK,0.799,Post_P6,0.193,15,4195,7.9,74,11
4,640,Myeloid,0.998,Pre_P4,0.131,18,2952,3.3,53,10
5,2328,T/NK,0.966,Post_P12,0.071,19,2360,0.0,69,16
6,750,T/NK,0.871,Post_P1_2,0.08,18,2985,0.7,71,18
7,1872,T/NK,0.706,Pre_P33,0.06,22,2251,0.2,62,35
8,922,T/NK,0.55,Pre_P25,0.087,16,1892,0.0,51,30
9,2582,T/NK,0.843,Post_P22,0.052,22,1969,0.2,66,32
10,1806,T/NK,0.615,Post_P28,0.143,9,1807,14.3,72,38
11,296,Myeloid,1.0,Post_P30,0.115,15,3616,1.7,72,25
12,2033,T/NK,0.661,Pre_P24,0.086,18,1917,0.3,49,56
