cell_id,seq_unit,patient_sample,timepoint,response,sort_fraction,n_genes,pct_mito_13pc,pct_mito_37all
A12_P3_M11,Pre_P1,Pre_P1,Pre,Responder,unsorted,1211,18.1786,24.3627
C8_P3_M11,Pre_P1,Pre_P1,Pre,Responder,unsorted,1229,19.3099,29.9512
E8_P1_M11,Pre_P1,Pre_P1,Pre,Responder,unsorted,1219,22.2683,29.7736
E9_P3_M11,Pre_P1,Pre_P1,Pre,Responder,unsorted,1278,20.9158,25.7273
A5_P1_M15,Post_P1,Post_P1,Post,Responder,unsorted,1991,13.0169,23.6763
A8_P1_M15,Post_P1,Post_P1,Post,Responder,unsorted,1940,28.958,48.8234
B10_P1_M15,Post_P1,Post_P1,Post,Responder,unsorted,1263,14.9934,34.1519
B1_P1_M15,Post_P1,Post_P1,Post,Responder,unsorted,1345,20.689,36.1216
B3_P2_M15,Post_P1,Post_P1,Post,Responder,unsorted,1601,29.1317,54.0667
C11_P2_M15,Post_P1,Post_P1,Post,Responder,unsorted,1433,13.1219,26.0751
C11_P3_M15,Post_P1,Post_P1,Post,Responder,unsorted,1279,31.8818,57.4619
C3_P2_M15,Post_P1,Post_P1,Post,Responder,unsorted,2310,16.3642,30.9607
D10_P2_M15,Post_P1,Post_P1,Post,Responder,unsorted,1622,21.6824,28.6136
D1_P1_M15,Post_P1,Post_P1,Post,Responder,unsorted,1200,10.1922,18.9655
D5_P2_M15,Post_P1,Post_P1,Post,Responder,unsorted,1710,20.2308,42.906
E10_P5_M15,Post_P1,Post_P1,Post,Responder,unsorted,2138,13.3042,62.4106
E1_P4_m15,Post_P1,Post_P1,Post,Responder,unsorted,1233,11.9365,21.3569
E2_P2_M15,Post_P1,Post_P1,Post,Responder,unsorted,1959,11.4037,20.7662
E8_P2_M15,Post_P1,Post_P1,Post,Responder,unsorted,3769,11.2641,18.6548
F10_P2_M15,Post_P1,Post_P1,Post,Responder,unsorted,1979,11.4215,24.0332
F11_P1_M15,Post_P1,Post_P1,Post,Responder,unsorted,1265,26.0119,37.7867
F5_P1_M15,Post_P1,Post_P1,Post,Responder,unsorted,1525,11.964,15.9138
F7_P1_M15,Post_P1,Post_P1,Post,Responder,unsorted,2046,18.7592,24.4542
G4_P2_M15,Post_P1,Post_P1,Post,Responder,unsorted,1657,15.7352,27.6939
G9_P1_M15,Post_P1,Post_P1,Post,Responder,unsorted,1308,21.1146,47.171
H3_P1_M15,Post_P1,Post_P1,Post,Responder,unsorted,1677,11.4562,17.1069
A12_P2_M55_L001,Post_P1_2,Post_P1_2,Post,Non-responder,unsorted,1238,19.3096,46.7821
A3_P2_M55_L001,Post_P1_2,Post_P1_2,Post,Non-responder,unsorted,3384,12.1449,20.3112
B1_P2_M55_L001,Post_P1_2,Post_P1_2,Post,Non-responder,unsorted,3060,10.3775,20.0237
B6_P2_M55_L001,Post_P1_2,Post_P1_2,Post,Non-responder,unsorted,2321,10.8891,19.2024
B8_P2_M55_L001,Post_P1_2,Post_P1_2,Post,Non-responder,unsorted,1484,18.5896,48.3586
B9_P2_M55_L001,Post_P1_2,Post_P1_2,Post,Non-responder,unsorted,1919,21.9968,52.64
C1_P1_M55_L001,Post_P1_2,Post_P1_2,Post,Non-responder,unsorted,1294,11.0108,61.1013
C1_P2_M55_L001,Post_P1_2,Post_P1_2,Post,Non-responder,unsorted,1200,19.1937,46.3386
C3_P2_M55_L001,Post_P1_2,Post_P1_2,Post,Non-responder,unsorted,2483,10.409,20.4105
D10_P2_M55_L001,Post_P1_2,Post_P1_2,Post,Non-responder,unsorted,2089,10.1566,14.7961
D5_P2_M55_L001,Post_P1_2,Post_P1_2,Post,Non-responder,unsorted,2133,13.1839,22.7871
D7_P2_M55_L001,Post_P1_2,Post_P1_2,Post,Non-responder,unsorted,2203,10.2364,20.7648
D8_P2_M55_L001,Post_P1_2,Post_P1_2,Post,Non-responder,unsorted,2494,11.6448,22.3531
E3_P2_M55_L001,Post_P1_2,Post_P1_2,Post,Non-responder,unsorted,2940,12.6372,21.6575
F1_P2_M55_L001,Post_P1_2,Post_P1_2,Post,Non-responder,unsorted,1924,13.94,22.7357
F2_P2_M55_L001,Post_P1_2,Post_P1_2,Post,Non-responder,unsorted,3184,11.9392,20.2175
G5_P2_M55_L001,Post_P1_2,Post_P1_2,Post,Non-responder,unsorted,2066,13.6183,23.4046
G6_P2_M55_L001,Post_P1_2,Post_P1_2,Post,Non-responder,unsorted,2096,10.5374,17.5375
G8_P2_M55_L001,Post_P1_2,Post_P1_2,Post,Non-responder,unsorted,3074,11.0467,19.0287
E8_P3_M34,Pre_P2,Pre_P2,Pre,Non-responder,unsorted,1950,13.8008,40.7229
G8_P3_M34,Pre_P2,Pre_P2,Pre,Non-responder,unsorted,3501,24.3915,52.4225
H4_P2_M34,Pre_P2,Pre_P2,Pre,Non-responder,unsorted,2470,22.195,58.4807
B7_P4_M39,Post_P2,Post_P2,Post,Non-responder,unsorted,1588,13.7108,76.6375
E8_P3_M39,Post_P2,Post_P2,Post,Non-responder,unsorted,1281,13.3782,52.6685
F11_P1_M39,Post_P2,Post_P2,Post,Non-responder,unsorted,1441,13.0762,51.6928
G10_P2_M39,Post_P2,Post_P2,Post,Non-responder,unsorted,1249,11.0016,57.6057
A3_P1_M17,Pre_P3,Pre_P3,Pre,Non-responder,unsorted,2486,16.6317,52.1023
A5_P1_M17,Pre_P3,Pre_P3,Pre,Non-responder,unsorted,1799,11.6944,53.8142
A8_P1_M17,Pre_P3,Pre_P3,Pre,Non-responder,unsorted,1724,10.6853,33.7913
B12_P1_M17,Pre_P3,Pre_P3,Pre,Non-responder,unsorted,1317,10.652,40.8294
B5_P1_M17,Pre_P3,Pre_P3,Pre,Non-responder,unsorted,2667,10.6976,42.0147
B9_P1_M17,Pre_P3,Pre_P3,Pre,Non-responder,unsorted,1526,14.2071,45.7264
C12_P2_M17,Pre_P3,Pre_P3,Pre,Non-responder,unsorted,1481,15.4778,40.3423
C1_P2_M17,Pre_P3,Pre_P3,Pre,Non-responder,unsorted,1677,14.2249,45.4958
C4_P1_M17,Pre_P3,Pre_P3,Pre,Non-responder,unsorted,1332,19.1675,65.3915
D2_P2_M17,Pre_P3,Pre_P3,Pre,Non-responder,unsorted,1316,12.2079,41.3124
D2_P6_M17,Pre_P3,Pre_P3,Pre,Non-responder,unsorted,3024,11.8145,48.9276
D4_P1_M17,Pre_P3,Pre_P3,Pre,Non-responder,unsorted,1517,13.147,34.628
E12_P2_M17,Pre_P3,Pre_P3,Pre,Non-responder,unsorted,2402,13.5301,43.3443
E1_P2_M17,Pre_P3,Pre_P3,Pre,Non-responder,unsorted,1471,11.7884,31.1245
E7_P2_M17,Pre_P3,Pre_P3,Pre,Non-responder,unsorted,2246,12.3002,47.9793
E8_P1_M17,Pre_P3,Pre_P3,Pre,Non-responder,unsorted,1880,16.7381,53.6001
F12_P2_M17,Pre_P3,Pre_P3,Pre,Non-responder,unsorted,2491,18.9556,61.2207
F4_P2_M17,Pre_P3,Pre_P3,Pre,Non-responder,unsorted,1213,12.6404,56.6761
G11_P1_M17,Pre_P3,Pre_P3,Pre,Non-responder,unsorted,1208,11.066,40.1065
G4_P1_M17,Pre_P3,Pre_P3,Pre,Non-responder,unsorted,1241,11.8489,44.4036
G9_P1_M17,Pre_P3,Pre_P3,Pre,Non-responder,unsorted,1228,17.4369,49.6194
H12_P1_M17,Pre_P3,Pre_P3,Pre,Non-responder,unsorted,1539,11.6276,31.7457
H12_P6_M17,Pre_P3,Pre_P3,Pre,Non-responder,unsorted,2108,11.6962,37.272
H3_P6_M17,Pre_P3,Pre_P3,Pre,Non-responder,unsorted,1989,12.0405,37.733
H4_P2_M17,Pre_P3,Pre_P3,Pre,Non-responder,unsorted,2020,17.0579,41.8977
A7_P1_M23,Post_P3,Post_P3,Post,Non-responder,unsorted,1465,10.9804,49.4765
C4_P2_M23,Post_P3,Post_P3,Post,Non-responder,unsorted,1897,13.8971,64.1339
C7_P2_M23,Post_P3,Post_P3,Post,Non-responder,unsorted,1168,13.2972,66.1477
E3_P3_M23,Post_P3,Post_P3,Post,Non-responder,unsorted,2090,10.207,30.0715
E7_P7_M36_L001,Post_P3_2,Post_P3_2,Post,Non-responder,unsorted,1288,10.4815,33.2196
G6_P6_M36_L001,Post_P3_2,Post_P3_2,Post,Non-responder,unsorted,2847,12.0988,50.8514
H7_P9_M36_L001,Post_P3_2,Post_P3_2,Post,Non-responder,unsorted,1295,11.4297,52.152
H9_P9_M36_L001,Post_P3_2,Post_P3_2,Post,Non-responder,unsorted,1281,10.667,39.1745
C2_P3_M42,Pre_P4,Pre_P4,Pre,Non-responder,unsorted,3403,11.8892,49.1807
E3_P4_M42,Pre_P4,Pre_P4,Pre,Non-responder,unsorted,1220,12.2684,68.9293
G4_P2_M47,Post_P4,Post_P4,Post,Responder,unsorted,1539,10.6322,42.3828
D8_P5_M47_L001,Post_P4,Post_P4,Post,Responder,unsorted,1552,11.3726,24.9719
E6_P2_MMD1-84A_L001,Post_P5,Post_P5,Post,Non-responder,unsorted,1508,10.8463,57.8783
G6_P3_MMD1-84A_L001,Post_P5,Post_P5,Post,Non-responder,unsorted,1265,10.23,37.0378
A8_P1_M8_L001,Pre_P6,Pre_P6,Pre,Non-responder,unsorted,1538,13.2897,68.3322
B4_P2_M8_L001,Pre_P6,Pre_P6,Pre,Non-responder,unsorted,1869,10.0023,36.8117
C10_P2_M8_L001,Pre_P6,Pre_P6,Pre,Non-responder,unsorted,1294,16.1882,57.7363
E4_P4_M8_L001,Pre_P6,Pre_P6,Pre,Non-responder,unsorted,1864,10.7127,60.6435
F1_P4_M8_L001,Pre_P6,Pre_P6,Pre,Non-responder,unsorted,1201,15.3856,83.6641
F6_P4_M8_L001,Pre_P6,Pre_P6,Pre,Non-responder,unsorted,1185,22.2566,67.3249
H8_P1_M8_L001,Pre_P6,Pre_P6,Pre,Non-responder,unsorted,1595,13.6667,68.7512
C7_P3_M67_L001,Post_P6,Post_P6,Post,Non-responder,unsorted,2025,18.6605,74.8379
G4_P2_M67_L001,Post_P6,Post_P6,Post,Non-responder,unsorted,2155,13.411,30.5242
H9_P2_M67_L001,Post_P6,Post_P6,Post,Non-responder,unsorted,1281,14.7909,69.655
E12_P6_M63-B1,Post_P7,Post_P7,Post,Responder,unsorted,1389,10.3471,22.4908
F10_P7_M63-B1,Post_P7,Post_P7,Post,Responder,unsorted,2098,11.4996,32.2559
F12_P7_M63-B1,Post_P7,Post_P7,Post,Responder,unsorted,2111,11.9681,33.1676
A3_P4_MMD4_L001,Pre_P8,Pre_P8,Pre,Responder,unsorted,1227,10.2522,61.0368
B11_P3_MMD4_L001,Pre_P8,Pre_P8,Pre,Responder,unsorted,1904,10.9256,48.5218
B4_P5_MMD4_L001,Pre_P8,Pre_P8,Pre,Responder,unsorted,1577,11.5264,47.1867
B6_P5_MMD4_L001,Pre_P8,Pre_P8,Pre,Responder,unsorted,1535,13.6389,57.4384
B8_P2_MMD4_L001,Pre_P8,Pre_P8,Pre,Responder,unsorted,1204,10.6504,35.1274
B8_P3_MMD4_L001,Pre_P8,Pre_P8,Pre,Responder,unsorted,1263,11.6634,46.6335
B9_P2_MMD4_L001,Pre_P8,Pre_P8,Pre,Responder,unsorted,1246,14.0575,43.2367
C10_P2_MMD4_L001,Pre_P8,Pre_P8,Pre,Responder,unsorted,1500,12.913,49.8869
C11_P4_MMD4_L001,Pre_P8,Pre_P8,Pre,Responder,unsorted,1565,16.4676,45.5765
C1_P4_MMD4_L001,Pre_P8,Pre_P8,Pre,Responder,unsorted,1494,13.1957,68.0695
C2_P2_MMD4_L001,Pre_P8,Pre_P8,Pre,Responder,unsorted,1464,12.8927,50.5291
D10_P3_MMD4_L001,Pre_P8,Pre_P8,Pre,Responder,unsorted,1451,10.7882,37.083
D12_P2_MMD4_L001,Pre_P8,Pre_P8,Pre,Responder,unsorted,1616,12.3115,49.9149
D12_P3_MMD4_L001,Pre_P8,Pre_P8,Pre,Responder,unsorted,1793,17.7327,45.3335
D1_P3_MMD4_L001,Pre_P8,Pre_P8,Pre,Responder,unsorted,1712,14.1357,62.7658
D2_P5_MMD4_L001,Pre_P8,Pre_P8,Pre,Responder,unsorted,2063,12.995,43.257
D3_P2_MMD4_L001,Pre_P8,Pre_P8,Pre,Responder,unsorted,1635,12.3612,50.2168
D4_P3_MMD4_L001,Pre_P8,Pre_P8,Pre,Responder,unsorted,1214,10.3402,43.4734
D4_P5_MMD4_L001,Pre_P8,Pre_P8,Pre,Responder,unsorted,1951,13.2099,43.3649
D8_P3_MMD4_L001,Pre_P8,Pre_P8,Pre,Responder,unsorted,1428,10.9984,37.6059
E12_P4_MMD4_L001,Pre_P8,Pre_P8,Pre,Responder,unsorted,1906,11.4266,29.6609
E5_P3_MMD4_L001,Pre_P8,Pre_P8,Pre,Responder,unsorted,1321,12.644,45.1713
E8_P4_MMD4_L001,Pre_P8,Pre_P8,Pre,Responder,unsorted,1279,13.0914,43.5685
F11_P2_MMD4_L001,Pre_P8,Pre_P8,Pre,Responder,unsorted,1490,21.1653,56.0799
F12_P5_MMD4_L001,Pre_P8,Pre_P8,Pre,Responder,unsorted,2064,11.4577,35.6911
F2_P2_MMD4_L001,Pre_P8,Pre_P8,Pre,Responder,unsorted,1425,14.5596,54.6318
F2_P3_MMD4_L001,Pre_P8,Pre_P8,Pre,Responder,unsorted,1490,15.4281,57.8123
F3_P4_MMD4_L001,Pre_P8,Pre_P8,Pre,Responder,unsorted,1442,12.7044,33.7851
F5_P2_MMD4_L001,Pre_P8,Pre_P8,Pre,Responder,unsorted,1199,12.6182,63.9021
F5_P3_MMD4_L001,Pre_P8,Pre_P8,Pre,Responder,unsorted,1271,12.2741,39.667
F6_P5_MMD4_L001,Pre_P8,Pre_P8,Pre,Responder,unsorted,1331,10.1147,35.1344
G11_P3_MMD4_L001,Pre_P8,Pre_P8,Pre,Responder,unsorted,1401,12.6778,40.9269
G1_P3_MMD4_L001,Pre_P8,Pre_P8,Pre,Responder,unsorted,1357,12.9717,41.3222
G4_P2_MMD4_L001,Pre_P8,Pre_P8,Pre,Responder,unsorted,1424,20.5573,55.0739
H9_P4_MMD4_L001,Pre_P8,Pre_P8,Pre,Responder,unsorted,1905,11.9936,41.3029
A3_P6_MMD4_L001,Pre_P8,Pre_P8,Pre,Responder,unsorted,2460,10.4098,25.1158
A4_P6_MMD4_L001,Pre_P8,Pre_P8,Pre,Responder,unsorted,1516,10.8752,27.7403
B1_P6_MMD4_L001,Pre_P8,Pre_P8,Pre,Responder,unsorted,1520,10.9328,24.6272
C3_P6_MMD4_L001,Pre_P8,Pre_P8,Pre,Responder,unsorted,1340,14.8526,40.8714
E1_P6_MMD4_L001,Pre_P8,Pre_P8,Pre,Responder,unsorted,1701,10.6293,19.1242
F12_P6_MMD4_L001,Pre_P8,Pre_P8,Pre,Responder,unsorted,2226,10.2881,23.2385
F9_P6_MMD4_L001,Pre_P8,Pre_P8,Pre,Responder,unsorted,1851,13.8548,31.5863
G2_P6_MMD4_L001,Pre_P8,Pre_P8,Pre,Responder,unsorted,1718,21.2781,45.8421
G6_P6_MMD4_L001,Pre_P8,Pre_P8,Pre,Responder,unsorted,1695,14.8275,27.9017
G7_P6_MMD4_L001,Pre_P8,Pre_P8,Pre,Responder,unsorted,1412,11.6279,24.5397
B5_P11_MMD5_L001,Post_P8,Post_P8,Post,Responder,unsorted,1196,10.3809,37.6741
F12_P3_MMD5_L001,Post_P8,Post_P8,Post,Responder,unsorted,3375,11.6131,38.5984
B11_P10_MMD2-36B_L001,Post_P10,Post_P10,Post,Non-responder,unsorted,1704,26.2358,86.2588
B5_P9_MMD2-36B_L001,Post_P10,Post_P10,Post,Non-responder,unsorted,2068,10.5761,59.3136
C5_P9_MMD2-36B_L001,Post_P10,Post_P10,Post,Non-responder,unsorted,2104,33.4431,86.2433
D4_P8_MMD2-36B_L001,Post_P10,Post_P10,Post,Non-responder,unsorted,1848,18.8994,53.3001
D9_P9_MMD2-36B_L001,Post_P10,Post_P10,Post,Non-responder,unsorted,1790,15.6843,60.5405
E10_P10_MMD2-36B_L001,Post_P10,Post_P10,Post,Non-responder,unsorted,2205,11.1564,36.5105
E10_P8_MMD2-36B_L001,Post_P10,Post_P10,Post,Non-responder,unsorted,1723,34.4939,90.385
E5_P6_MMD2-36B_L001,Post_P10,Post_P10,Post,Non-responder,unsorted,2364,10.1871,49.3834
F8_P8_MMD2-36B_L001,Post_P10,Post_P10,Post,Non-responder,unsorted,2029,17.3417,51.4551
G12_P10_MMD2-36B_L001,Post_P10,Post_P10,Post,Non-responder,unsorted,2049,18.6142,46.1218
G4_P9_MMD2-36B_L001,Post_P10,Post_P10,Post,Non-responder,unsorted,1904,10.34,25.6699
G5_P9_MMD2-36B_L001,Post_P10,Post_P10,Post,Non-responder,unsorted,1533,34.5523,87.0252
G8_P8_MMD2-36B_L001,Post_P10,Post_P10,Post,Non-responder,unsorted,1506,16.1506,28.7607
H1_P10_MMD2-36B_L001,Post_P10,Post_P10,Post,Non-responder,unsorted,1144,24.0682,83.4394
B1_P3_M44_L001,Post_P11,Post_P11,Post,Non-responder,unsorted,1689,11.0667,28.9055
E5_P4_M44_L001,Post_P11,Post_P11,Post,Non-responder,unsorted,1251,20.8095,71.3226
F11_P4_M44_L001,Post_P11,Post_P11,Post,Non-responder,unsorted,1669,13.171,33.6324
G1_P4_M44_L001,Post_P11,Post_P11,Post,Non-responder,unsorted,1669,13.6286,36.804
H10_P4_M44_L001,Post_P11,Post_P11,Post,Non-responder,unsorted,1823,15.1687,41.7221
A11_P2_M66_L001,Pre_P12,Pre_P12,Pre,Non-responder,unsorted,1534,14.0975,53.3795
C3_P1_M66_L001,Pre_P12,Pre_P12,Pre,Non-responder,unsorted,1261,16.8653,55.7026
F5_P4_M66_L001,Pre_P12,Pre_P12,Pre,Non-responder,unsorted,1348,12.6636,38.1582
A3_P2_M71_L001,Post_P12,Post_P12,Post,Non-responder,unsorted,2481,10.2611,26.1139
B5_P6_M71_L001,Post_P12,Post_P12,Post,Non-responder,unsorted,5528,13.5353,45.787
C11_P4_M71_L001,Post_P12,Post_P12,Post,Non-responder,unsorted,1756,12.9058,64.1242
F2_P3_M71_L001,Post_P12,Post_P12,Post,Non-responder,unsorted,4095,23.9429,63.6609
F5_P3_M71_L001,Post_P12,Post_P12,Post,Non-responder,unsorted,2110,31.006,89.2443
G11_P1_M71_L001,Post_P12,Post_P12,Post,Non-responder,unsorted,2024,33.6441,90.4087
H7_P4_M71_L001,Post_P12,Post_P12,Post,Non-responder,unsorted,3105,11.3526,35.9639
C7_P1_M74_L001,Post_P13,Post_P13,Post,Non-responder,unsorted,1878,10.3435,23.781
F2_P1_M74_L001,Post_P13,Post_P13,Post,Non-responder,unsorted,2396,12.182,26.2306
B1_P1_M43_L001,Post_P14,Post_P14,Post,Non-responder,unsorted,1966,10.1727,41.9865
C7_P4_M43_L001,Post_P14,Post_P14,Post,Non-responder,unsorted,1464,10.2965,26.0451
D1_P2_M43_L001,Post_P14,Post_P14,Post,Non-responder,unsorted,2614,19.3784,48.1557
E3_P2_M43_L001,Post_P14,Post_P14,Post,Non-responder,unsorted,1844,13.2803,36.4154
F10_P4_M43_L001,Post_P14,Post_P14,Post,Non-responder,unsorted,1575,31.033,69.8385
F6_P3_M43_L001,Post_P14,Post_P14,Post,Non-responder,unsorted,1232,10.1147,24.6834
B12_P1_M9_L001,Pre_P15,Pre_P15,Pre,Non-responder,unsorted,2579,13.6017,30.2306
E12_P5_M9_L001,Pre_P15,Pre_P15,Pre,Non-responder,unsorted,1935,14.6379,35.9992
E3_P2_M9_L001,Pre_P15,Pre_P15,Pre,Non-responder,unsorted,3638,19.5291,51.3566
B6_P3_M13_L001,Post_P15,Post_P15,Post,Non-responder,unsorted,1326,12.6121,47.9806
F6_P5_M13_L001,Post_P15,Post_P15,Post,Non-responder,unsorted,1205,21.9869,78.0689
G4_P2_M13_L001,Post_P15,Post_P15,Post,Non-responder,unsorted,1499,22.7149,50.5722
H3_P3_M13_L001,Post_P15,Post_P15,Post,Non-responder,unsorted,1350,17.398,65.3018
B9_P4_MMD8_L001,Post_P16,Post_P16,Post,Non-responder,unsorted,1417,12.5351,42.8724
D10_P1_MMD8_L001,Post_P16,Post_P16,Post,Non-responder,unsorted,1861,15.2802,54.2984
D9_P1_MMD8_L001,Post_P16,Post_P16,Post,Non-responder,unsorted,1730,13.5885,54.1539
D10_P3_MMD9_L001,Post_P17,Post_P17,Post,Responder,unsorted,1274,14.3789,46.2684
H3_P3_MMD9_L001,Post_P17,Post_P17,Post,Responder,unsorted,1512,10.1887,25.2562
G5_P1_M45_L001,Post_P18,Post_P18,Post,Non-responder,unsorted,1693,12.7266,53.7538
H8_P2_MMD7_L001,Post_P19,Post_P19,Post,Responder,unsorted,1814,12.027,39.9206
F5_P1_M53_L001,Pre_P20,Pre_P20,Pre,Non-responder,unsorted,2301,12.247,50.4276
C12_P6_M51_L001,Post_P21,Post_P21,Post,Responder,unsorted,1739,17.1629,52.229
B4_P4_MMD6_L001,Post_P22,Post_P22,Post,Non-responder,unsorted,1340,12.0411,46.5835
B5_P1_M83_L001,Post_P23,Post_P23,Post,Non-responder,unsorted,1871,10.4538,39.2735
G11_P1_M83_L001,Post_P23,Post_P23,Post,Non-responder,unsorted,1779,11.0999,31.2557
G9_P6_M83_L001,Post_P23,Post_P23,Post,Non-responder,unsorted,2344,18.9377,59.3689
H4_P1_M83_L001,Post_P23,Post_P23,Post,Non-responder,unsorted,1381,13.697,57.2018
A6_P1_M24_L001,Pre_P25,Pre_P25,Pre,Non-responder,unsorted,1802,12.8205,57.0742
E6_P4_M24_L001,Pre_P25,Pre_P25,Pre,Non-responder,unsorted,1629,11.2182,30.9263
F11_P5_M91_L001,Pre_P27,Pre_P27,Pre,Non-responder,unsorted,3890,12.2229,47.9831
F1_P2_M90-7-31-17,Post_P30,Post_P30,Post,Non-responder,unsorted,2156,15.3035,39.0725
A6_P2_M77_L001,Pre_P31,Pre_P31,Pre,Non-responder,unsorted,1322,15.6558,51.3736
D8_P2_M77_L001,Pre_P31,Pre_P31,Pre,Non-responder,unsorted,1259,31.0516,78.0721
D6_P3_M76_L001,Pre_P33,Pre_P33,Pre,Responder,unsorted,1634,10.0797,35.1119
H12_P2_M76_L001,Pre_P33,Pre_P33,Pre,Responder,unsorted,1722,10.0635,20.3418
B1_P2_M41_L001,Pre_P35,Pre_P35,Pre,Responder,unsorted,1387,10.753,23.6516
G2_P7_MMD9_L001_myeloid_enriched,Post_P17_myeloid_enriched,Post_P17,Post,Responder,myeloid_enriched,1653,11.1045,40.0869
E5_P8_M47_T_enriched,Post_P4_T_enriched,Post_P4,Post,Responder,T_enriched,3321,10.6427,41.3616
D5_P12_MMD2-36B_T_enriched,Post_P10_T_enriched,Post_P10,Post,Non-responder,T_enriched,1925,10.2146,44.166
E6_P12_MMD2-36B_T_enriched,Post_P10_T_enriched,Post_P10,Post,Non-responder,T_enriched,2101,14.5679,55.5628
A3_P6_M74_T_enriched,Post_P13_T_enriched,Post_P13,Post,Non-responder,T_enriched,1716,17.916,65.4769
A7_P7_M74_T_enriched,Post_P13_T_enriched,Post_P13,Post,Non-responder,T_enriched,1537,20.1257,89.7915
A9_P7_M74_T_enriched,Post_P13_T_enriched,Post_P13,Post,Non-responder,T_enriched,1442,21.7403,61.6866
B2_P6_M74_T_enriched,Post_P13_T_enriched,Post_P13,Post,Non-responder,T_enriched,1742,17.2559,65.7968
C10_P7_M74_T_enriched,Post_P13_T_enriched,Post_P13,Post,Non-responder,T_enriched,2139,12.6959,51.3164
C4_P7_M74_T_enriched,Post_P13_T_enriched,Post_P13,Post,Non-responder,T_enriched,1849,15.1777,44.8597
C8_P7_M74_T_enriched,Post_P13_T_enriched,Post_P13,Post,Non-responder,T_enriched,2056,18.5952,65.2094
D1_P6_M74_T_enriched,Post_P13_T_enriched,Post_P13,Post,Non-responder,T_enriched,2234,20.9961,67.1665
D2_P7_M74_T_enriched,Post_P13_T_enriched,Post_P13,Post,Non-responder,T_enriched,1825,14.0946,43.855
E10_P6_M74_T_enriched,Post_P13_T_enriched,Post_P13,Post,Non-responder,T_enriched,1939,23.5638,80.0161
F2_P6_M74_T_enriched,Post_P13_T_enriched,Post_P13,Post,Non-responder,T_enriched,1925,22.8238,87.8743
F7_P6_M74_T_enriched,Post_P13_T_enriched,Post_P13,Post,Non-responder,T_enriched,1866,21.1818,62.8035
G3_P6_M74_T_enriched,Post_P13_T_enriched,Post_P13,Post,Non-responder,T_enriched,1166,12.9754,73.4289
H8_P6_M74_T_enriched,Post_P13_T_enriched,Post_P13,Post,Non-responder,T_enriched,2559,10.551,35.1282
A3_P8_MMD5_T_enriched,Post_P8_T_enriched,Post_P8,Post,Responder,T_enriched,2506,19.0,60.1456
A7_P8_MMD5_T_enriched,Post_P8_T_enriched,Post_P8,Post,Responder,T_enriched,2353,15.0821,65.5176
B10_P8_MMD5_T_enriched,Post_P8_T_enriched,Post_P8,Post,Responder,T_enriched,3919,11.1156,37.8804
E1_P8_MMD5_T_enriched,Post_P8_T_enriched,Post_P8,Post,Responder,T_enriched,1659,11.6436,35.9829
F7_P6_MMD8_L001_T_enriched,Post_P16_T_enriched,Post_P16,Post,Non-responder,T_enriched,2017,13.3482,76.3086
D11_P5_M67_L001_T_enriched,Post_P6_T_enriched,Post_P6,Post,Non-responder,T_enriched,1526,10.4007,64.144
H8_P5_M67_L001_T_enriched,Post_P6_T_enriched,Post_P6,Post,Non-responder,T_enriched,1355,12.9981,61.6817
