k,modularity_main_30pcs,modularity_sens_28pcs
2,0.1376,0.21708
3,0.33688,0.28556
4,0.41713,0.33589
5,0.41622,0.34212
6,0.41957,0.50843
7,0.4227,0.50902
8,0.60131,0.60209
9,0.6302,0.65551
10,0.62818,0.65948
11,0.68485,0.6714
12,0.68281,0.67178
13,0.67606,0.69111
14,0.68528,0.68801
15,0.68853,0.69128
16,0.69669,0.6936
17,0.69808,0.69128
18,0.69603,0.68997
19,0.6904,0.68356
20,0.69248,0.68341
21,0.69165,0.6793
22,0.68919,0.67815
23,0.6844,0.67367
24,0.68113,0.67361
25,0.67746,0.66958
26,0.6691,0.66887
27,0.66688,0.66002
28,0.66394,0.65898
29,0.66286,0.65901
30,0.6632,0.65829
31,0.66341,0.65707
32,0.66184,0.65523
33,0.66071,0.65528
34,0.6609,0.65529
35,0.65922,0.65424
36,0.65925,0.65304
37,0.65798,0.65234
38,0.65725,0.64893
39,0.65537,0.64533
40,0.65504,0.641
41,0.65286,0.64043
42,0.65176,0.63655
43,0.65154,0.63608
44,0.65049,0.63348
45,0.646,0.63298
46,0.64597,0.6296
47,0.64568,0.62832
48,0.64493,0.62805
49,0.64364,0.62497
50,0.64175,0.62386
51,0.63987,0.62209
52,0.63894,0.62154
53,0.6375,0.6158
54,0.63597,0.61418
55,0.63478,0.6129
56,0.63302,0.61182
57,0.6294,0.61078
58,0.62253,0.60746
59,0.62152,0.60578
60,0.6207,0.60535
