patient_sample,n_cd8,frac_tcf7_cd8,n_cd4,frac_tcf7_cd4,response
Pre_P1,131,0.35115,25,0.72,Responder
Pre_P12,134,0.23881,32,0.3125,Non-responder
Pre_P15,81,0.24691,81,0.12346,Non-responder
Pre_P2,225,0.08,30,0.2,Non-responder
Pre_P20,185,0.15135,56,0.53571,Non-responder
Pre_P24,156,0.42308,49,0.36735,Responder
Pre_P25,141,0.12057,87,0.10345,Non-responder
Pre_P26,37,0.7027,38,0.5,Responder
Pre_P27,223,0.17937,64,0.125,Non-responder
Pre_P28,122,0.57377,120,0.50833,Responder
Pre_P29,76,0.25,37,0.27027,Responder
Pre_P3,62,0.33871,31,0.51613,Non-responder
Pre_P31,237,0.16456,34,0.29412,Non-responder
Pre_P33,199,0.54271,103,0.72816,Responder
Pre_P35,40,0.3,30,0.6,Responder
Pre_P4,126,0.26984,38,0.55263,Non-responder
Pre_P6,34,0.41176,46,0.36957,Non-responder
Pre_P7,152,0.51316,114,0.39474,Responder
Pre_P8,55,0.54545,34,0.85294,Responder
