PC,eigenvalue,pct_variance,cum_pct_variance
1,105.49869,3.5283,3.528
2,50.21353,1.6793,5.208
3,31.97384,1.0693,6.277
4,14.14399,0.473,6.75
5,12.72851,0.4257,7.176
6,10.88095,0.3639,7.54
7,10.7705,0.3602,7.9
8,10.11846,0.3384,8.238
9,8.4034,0.281,8.519
10,6.40085,0.2141,8.733
11,6.18807,0.207,8.94
12,5.41369,0.1811,9.121
13,5.29857,0.1772,9.299
14,4.73351,0.1583,9.457
15,4.47798,0.1498,9.607
16,4.38233,0.1466,9.753
17,4.27324,0.1429,9.896
18,3.88155,0.1298,10.026
19,3.66534,0.1226,10.148
20,3.63254,0.1215,10.27
21,3.43866,0.115,10.385
22,3.39884,0.1137,10.499
23,3.25049,0.1087,10.607
24,3.17895,0.1063,10.714
25,2.98752,0.0999,10.814
26,2.84814,0.0953,10.909
27,2.81441,0.0941,11.003
28,2.71073,0.0907,11.094
29,2.68628,0.0898,11.183
30,2.57695,0.0862,11.27
31,2.50357,0.0837,11.353
32,2.45861,0.0822,11.436
33,2.4247,0.0811,11.517
34,2.33839,0.0782,11.595
35,2.2888,0.0765,11.671
36,2.27958,0.0762,11.748
37,2.25669,0.0755,11.823
38,2.24442,0.0751,11.898
39,2.22765,0.0745,11.973
40,2.22472,0.0744,12.047
41,2.20353,0.0737,12.121
42,2.19357,0.0734,12.194
43,2.1827,0.073,12.267
44,2.16784,0.0725,12.34
45,2.15685,0.0721,12.412
46,2.14487,0.0717,12.484
47,2.12459,0.0711,12.555
48,2.11706,0.0708,12.625
49,2.11213,0.0706,12.696
50,2.10519,0.0704,12.766
