cluster,n,lineage,purity,top_sample,top_sample_share,top3_share,n_samples,med_genes,mean_PC1,mean_PC5,pct_P28,pct_Post,pct_resp
0,300,Myeloid,0.987,Post_P28,0.83,0.94,2,5975,44.7,-5.1,83.0,99.0,1.0
1,249,Myeloid,1.0,Pre_P6,0.124,0.305,17,3560,19.4,3.6,1.6,66.0,23.0
2,237,Myeloid,1.0,Post_P28,0.346,0.506,11,4125,31.6,0.2,34.6,77.0,9.0
3,555,Myeloid,0.998,Pre_P4,0.128,0.317,15,2939,22.1,1.4,3.1,56.0,8.0
4,256,Myeloid,0.891,Post_P16,0.18,0.352,14,3265,11.0,4.0,0.0,71.0,18.0
5,301,B/plasma,1.0,Pre_P6,0.309,0.598,8,2512,-2.3,-3.6,0.0,59.0,36.0
6,1462,B/plasma,0.992,Post_P4,0.167,0.412,9,1902,-1.2,0.4,0.0,65.0,69.0
7,433,T/NK,0.891,Post_P6,0.268,0.406,13,4600,12.7,1.8,0.0,81.0,12.0
8,609,T/NK,0.887,Post_P6,0.102,0.222,18,3434,4.7,1.7,0.3,62.0,10.0
9,3250,T/NK,0.728,Post_P3_2,0.07,0.201,16,1929,-4.9,-0.7,0.2,53.0,52.0
10,857,T/NK,0.488,Pre_P12,0.072,0.184,22,1945,-4.3,-1.2,0.0,61.0,30.0
11,1260,T/NK,0.833,Pre_P25,0.183,0.467,11,1844,-5.6,2.5,0.0,55.0,39.0
12,1992,T/NK,0.83,Post_P11,0.073,0.2,16,1898,-4.7,-1.6,0.2,71.0,26.0
13,1875,T/NK,0.707,Post_P4,0.056,0.158,22,2235,-2.7,0.7,0.2,62.0,34.0
14,296,T/NK,0.791,Post_P1,0.419,0.706,7,2367,-1.5,7.2,0.0,61.0,63.0
15,2116,T/NK,0.962,Post_P20,0.078,0.219,20,2450,-2.5,-1.1,0.0,72.0,13.0
