,T cell,CD8,CD4,naive/memory,Treg-like,exhaustion,cytotoxic,NK,gamma-delta,cycling,B cell,plasma,pDC,monocyte/macrophage,cDC,neutrophil,mast,melanoma,stromal/epithelial,erythroid/platelet
C0,0.317,0.061,0.056,2.361,0.135,0.372,0.105,0.026,0.023,0.112,7.64,2.544,1.085,0.059,0.21,0.044,0.008,0.02,0.02,0.001
C1,0.265,0.089,4.325,2.344,0.234,0.332,2.031,0.077,0.023,0.833,0.24,5.844,8.996,0.956,0.23,0.277,0.036,0.075,0.025,0.007
C2,0.144,0.119,0.019,0.136,0.162,0.313,0.165,0.03,0.069,0.079,1.91,9.623,0.591,0.082,0.077,0.09,0.0,0.029,0.02,0.035
C3,7.444,4.155,1.49,1.329,1.798,3.932,5.555,0.899,2.188,7.454,0.494,0.65,0.174,0.727,0.124,0.473,0.007,0.108,0.025,0.045
C4,0.129,0.096,2.675,0.717,0.134,1.052,0.284,1.485,0.095,0.115,0.215,0.123,0.804,5.587,0.639,5.618,0.036,0.275,0.027,0.024
C5,8.62,7.16,0.264,0.435,1.254,4.739,7.983,1.114,2.743,0.289,0.205,0.269,0.018,0.042,0.034,0.071,0.005,0.041,0.01,0.007
C6,7.944,5.965,0.41,1.836,1.294,4.127,5.266,0.873,1.647,2.027,0.302,0.303,0.046,0.141,0.059,0.047,0.01,0.104,0.015,0.029
C7,7.991,0.416,4.022,2.568,3.807,2.999,0.84,0.05,0.249,0.197,0.446,0.231,0.04,0.055,0.047,0.052,0.002,0.044,0.016,0.0
C8,4.68,3.269,0.428,1.48,0.518,1.021,8.012,4.09,3.709,0.183,0.119,0.105,0.056,0.043,0.015,0.408,0.039,0.074,0.009,0.082
C9,7.259,5.107,0.784,1.974,0.44,1.489,5.629,0.785,2.121,0.188,0.146,0.167,0.043,0.096,0.078,0.115,0.033,0.046,0.019,0.008
C10,5.416,4.866,1.116,0.989,1.042,2.75,4.631,0.921,1.212,0.258,0.122,0.174,0.279,1.614,0.067,1.073,0.003,0.175,0.011,0.022
C11,0.5,0.203,3.145,1.421,0.271,1.573,0.345,0.506,0.057,0.393,0.232,0.441,2.196,3.493,2.609,1.871,0.093,0.36,0.033,0.019
C12,6.807,2.538,2.056,4.401,0.637,0.576,2.033,0.17,0.768,0.116,0.178,0.105,0.055,0.105,0.038,0.115,0.018,0.069,0.046,0.007
