patient_sample,timepoint,response,n_cells,n_removed,pct_removed,n_kept
Pre_P8,Pre,Responder,267,45,16.85,222
Pre_P3,Pre,Non-responder,245,25,10.2,220
Post_P1,Post,Responder,291,22,7.56,269
Post_P1_2,Post,Non-responder,353,19,5.38,334
Post_P10,Post,Non-responder,396,16,4.04,380
Post_P13,Post,Non-responder,449,16,3.56,433
Pre_P6,Pre,Non-responder,288,7,2.43,281
Post_P12,Post,Non-responder,323,7,2.17,316
Post_P14,Post,Non-responder,329,6,1.82,323
Pre_P1,Pre,Responder,229,4,1.75,225
Post_P11,Post,Non-responder,313,5,1.6,308
Post_P8,Post,Responder,409,6,1.47,403
Post_P15,Post,Non-responder,304,4,1.32,300
Post_P7,Post,Responder,231,3,1.3,228
Post_P6,Post,Non-responder,400,5,1.25,395
Post_P23,Post,Non-responder,358,4,1.12,354
Post_P3_2,Post,Non-responder,358,4,1.12,354
Post_P3,Post,Non-responder,359,4,1.11,355
Post_P17,Post,Responder,281,3,1.07,278
Post_P2,Post,Non-responder,380,4,1.05,376
Pre_P15,Pre,Non-responder,304,3,0.99,301
Pre_P12,Pre,Non-responder,330,3,0.91,327
Pre_P2,Pre,Non-responder,337,3,0.89,334
Post_P16,Post,Non-responder,463,4,0.86,459
Post_P5,Post,Non-responder,292,2,0.68,290
Pre_P4,Pre,Non-responder,311,2,0.64,309
Pre_P31,Pre,Non-responder,351,2,0.57,349
Pre_P25,Pre,Non-responder,371,2,0.54,369
Post_P21,Post,Responder,213,1,0.47,212
Post_P4,Post,Responder,675,3,0.44,672
Pre_P33,Pre,Responder,452,2,0.44,450
Pre_P35,Pre,Responder,238,1,0.42,237
Post_P22,Post,Non-responder,260,1,0.38,259
Pre_P20,Pre,Non-responder,323,1,0.31,322
Pre_P27,Pre,Non-responder,343,1,0.29,342
Post_P18,Post,Non-responder,357,1,0.28,356
Post_P30,Post,Non-responder,369,1,0.27,368
Post_P19,Post,Responder,403,1,0.25,402
Post_P20,Post,Non-responder,358,0,0.0,358
Post_P28,Post,Non-responder,369,0,0.0,369
Post_P5_2,Post,Responder,336,0,0.0,336
Post_P28_2,Post,Non-responder,372,0,0.0,372
Post_P23_2,Post,Non-responder,362,0,0.0,362
Pre_P24,Pre,Responder,338,0,0.0,338
Pre_P29,Pre,Responder,163,0,0.0,163
Pre_P28,Pre,Responder,337,0,0.0,337
Pre_P26,Pre,Responder,333,0,0.0,333
Pre_P7,Pre,Responder,368,0,0.0,368
