patient_sample,patient,timepoint,replicate,response,therapy,n_cells,n_seq_units,seq_unit_suffixes,sorted_any,n_sorted_cells
Post_P1,P1,Post,False,Responder,anti-PD1,291,1,unsorted,False,0
Post_P1_2,P1,Post,True,Non-responder,anti-PD1,353,1,2,False,0
Post_P10,P10,Post,False,Non-responder,anti-PD1,396,2,T_enriched+unsorted,True,88
Post_P11,P11,Post,False,Non-responder,anti-PD1,313,1,unsorted,False,0
Post_P12,P12,Post,False,Non-responder,anti-PD1,323,1,unsorted,False,0
Post_P13,P13,Post,False,Non-responder,anti-CTLA4+PD1,449,2,T_enriched+unsorted,True,184
Post_P14,P14,Post,False,Non-responder,anti-PD1,329,1,unsorted,False,0
Post_P15,P15,Post,False,Non-responder,anti-PD1,304,1,unsorted,False,0
Post_P16,P16,Post,False,Non-responder,anti-PD1,463,2,T_enriched+unsorted,True,94
Post_P17,P17,Post,False,Responder,anti-PD1,281,2,myeloid_enriched+unsorted,True,43
Post_P18,P18,Post,False,Non-responder,anti-PD1,357,1,unsorted,False,0
Post_P19,P19,Post,False,Responder,anti-PD1,403,2,myeloid_enriched+unsorted,True,75
Post_P2,P2,Post,False,Non-responder,anti-PD1,380,2,T_enriched+unsorted,True,79
Post_P20,P20,Post,False,Non-responder,anti-PD1,358,1,unsorted,False,0
Post_P21,P21,Post,False,Responder,anti-PD1,213,1,unsorted,False,0
Post_P22,P22,Post,False,Non-responder,anti-PD1,260,1,unsorted,False,0
Post_P23,P23,Post,False,Non-responder,anti-PD1,358,1,unsorted,False,0
Post_P23_2,P23,Post,True,Non-responder,anti-PD1,362,1,2,False,0
Post_P28,P28,Post,False,Non-responder,anti-CTLA4+PD1,369,1,unsorted,False,0
Post_P28_2,P28,Post,True,Non-responder,anti-CTLA4+PD1,372,1,2,False,0
Post_P3,P3,Post,False,Non-responder,anti-PD1,359,1,unsorted,False,0
Post_P3_2,P3,Post,True,Non-responder,anti-PD1,358,1,2,False,0
Post_P30,P30,Post,False,Non-responder,anti-PD1,369,1,unsorted,False,0
Post_P4,P4,Post,False,Responder,anti-CTLA4+PD1,675,2,T_enriched+unsorted,True,254
Post_P5,P5,Post,False,Non-responder,anti-PD1,292,1,unsorted,False,0
Post_P5_2,P5,Post,True,Responder,anti-PD1,336,1,2,False,0
Post_P6,P6,Post,False,Non-responder,anti-PD1,400,2,T_enriched+unsorted,True,92
Post_P7,P7,Post,False,Responder,anti-CTLA4+PD1,231,1,unsorted,False,0
Post_P8,P8,Post,False,Responder,anti-CTLA4+PD1,409,2,T_enriched+unsorted,True,82
Pre_P1,P1,Pre,False,Responder,anti-CTLA4,229,1,unsorted,False,0
Pre_P12,P12,Pre,False,Non-responder,anti-PD1,330,1,unsorted,False,0
Pre_P15,P15,Pre,False,Non-responder,anti-PD1,304,1,unsorted,False,0
Pre_P2,P2,Pre,False,Non-responder,anti-PD1,337,1,unsorted,False,0
Pre_P20,P20,Pre,False,Non-responder,anti-PD1,323,1,unsorted,False,0
Pre_P24,P24,Pre,False,Responder,anti-PD1,338,1,unsorted,False,0
Pre_P25,P25,Pre,False,Non-responder,anti-PD1,371,1,unsorted,False,0
Pre_P26,P26,Pre,False,Responder,anti-CTLA4+PD1,333,1,unsorted,False,0
Pre_P27,P27,Pre,False,Non-responder,anti-PD1,343,1,unsorted,False,0
Pre_P28,P28,Pre,False,Responder,anti-CTLA4+PD1,337,1,unsorted,False,0
Pre_P29,P29,Pre,False,Responder,anti-PD1,163,1,unsorted,False,0
Pre_P3,P3,Pre,False,Non-responder,anti-PD1,245,1,unsorted,False,0
Pre_P31,P31,Pre,False,Non-responder,anti-PD1,351,1,unsorted,False,0
Pre_P33,P33,Pre,False,Responder,anti-PD1,452,1,unsorted,False,0
Pre_P35,P35,Pre,False,Responder,anti-PD1,238,1,unsorted,False,0
Pre_P4,P4,Pre,False,Non-responder,anti-CTLA4+PD1,311,1,unsorted,False,0
Pre_P6,P6,Pre,False,Non-responder,anti-CTLA4,288,1,unsorted,False,0
Pre_P7,P7,Pre,False,Responder,anti-CTLA4+PD1,368,1,unsorted,False,0
Pre_P8,P8,Pre,False,Responder,anti-CTLA4+PD1,267,1,unsorted,False,0
