patient_sample,patient,response,therapy,n_cells,B cell (IGHM+),pDC,Plasma cell,Proliferating T cell,Monocyte / macrophage,Exhausted CD8 T (cytotoxic),Activated CD8 T (GZMK+ TIGIT+),"CD4 T, Treg-like",NK / cytotoxic effector,Effector-memory CD8 T (GZMK+),Activated T (CD8-biased),Dendritic cell (cDC),Naive / central-memory T (TCF7+)
Pre_P1,P1,Responder,anti-CTLA4,225,0.0,1.333,0.0,2.667,0.44400000000000006,20.444000000000003,3.1109999999999998,8.0,9.778,13.333,1.333,0.889,38.667
Pre_P12,P12,Non-responder,anti-PD1,327,0.612,3.9759999999999995,0.306,1.2229999999999999,14.985000000000001,9.48,1.529,5.81,22.323999999999998,32.11,1.529,1.2229999999999999,4.893
Pre_P15,P15,Non-responder,anti-PD1,301,1.329,1.9929999999999999,0.0,3.987,7.973,5.9799999999999995,1.9929999999999999,27.243000000000002,13.621,13.621,11.296000000000001,1.661,9.302000000000001
Pre_P2,P2,Non-responder,anti-PD1,334,0.898,0.299,1.198,8.084,11.376999999999999,32.934000000000005,4.79,8.084,3.8920000000000003,9.281,13.472999999999999,0.299,5.389
Pre_P20,P20,Non-responder,anti-PD1,322,1.242,0.932,3.4160000000000004,8.385,6.522,28.260999999999996,9.006,11.491,0.932,14.596,4.658,4.037,6.522
Pre_P24,P24,Responder,anti-PD1,338,3.55,0.8880000000000001,0.0,0.296,0.296,5.029999999999999,1.4789999999999999,8.283999999999999,3.254,23.372999999999998,1.4789999999999999,0.592,51.479
Pre_P25,P25,Non-responder,anti-PD1,369,0.0,0.0,0.0,1.6260000000000001,0.0,6.2330000000000005,3.794,4.878,21.68,3.5229999999999997,50.136,0.0,8.129999999999999
Pre_P26,P26,Responder,anti-CTLA4+PD1,333,57.057,0.601,0.3,0.901,2.402,0.601,3.003,9.610000000000001,0.601,6.907000000000001,0.3,1.201,16.517
Pre_P27,P27,Non-responder,anti-PD1,342,0.0,2.339,0.0,2.0469999999999997,2.339,43.567,5.263,15.789,4.093999999999999,16.082,3.801,0.877,3.801
Pre_P28,P28,Responder,anti-CTLA4+PD1,337,1.187,0.5930000000000001,0.0,0.297,0.297,9.792,0.0,14.540000000000001,6.825,19.881,3.2640000000000002,0.5930000000000001,42.730000000000004
Pre_P29,P29,Responder,anti-PD1,163,6.748,0.0,1.2269999999999999,2.4539999999999997,7.9750000000000005,17.177999999999997,5.521,20.244999999999997,2.4539999999999997,23.313,3.681,0.0,9.202
Pre_P3,P3,Non-responder,anti-PD1,220,5.455,1.3639999999999999,0.0,3.182,3.182,5.909,0.909,7.273000000000001,26.363999999999997,20.0,6.364,0.455,19.545
Pre_P31,P31,Non-responder,anti-PD1,349,0.573,1.146,0.86,8.309,0.28700000000000003,9.168999999999999,12.034,11.175,4.585,15.186,23.209,0.573,12.894
Pre_P33,P33,Responder,anti-PD1,450,13.333,0.0,1.111,1.778,0.0,6.2219999999999995,1.333,25.111,1.778,19.778000000000002,3.3329999999999997,0.0,26.222
Pre_P35,P35,Responder,anti-PD1,237,44.304,0.0,1.266,0.0,0.0,2.954,2.532,13.924,10.127,12.235999999999999,6.329,0.0,6.329
Pre_P4,P4,Non-responder,anti-CTLA4+PD1,309,4.531000000000001,3.56,0.0,4.854,27.184,12.945,5.825,3.56,1.942,22.006,4.207000000000001,2.589,6.796
Pre_P6,P6,Non-responder,anti-CTLA4,281,2.847,4.626,33.096,17.793999999999997,12.456,2.847,4.982,7.473000000000001,0.0,0.356,0.712,12.1,0.712
Pre_P7,P7,Responder,anti-CTLA4+PD1,368,13.587,0.0,0.0,0.0,0.0,13.315,1.359,20.924,0.815,18.478,2.717,0.0,28.804000000000002
Pre_P8,P8,Responder,anti-CTLA4+PD1,222,9.91,1.351,0.0,1.802,4.955,2.252,1.351,0.901,22.523,3.604,10.811,1.351,39.189
